prefix,tag,count,total,avg_val,first_val,first_step,last_val,last_step,min_val,min_step,max_val,max_step
,s_loss,1,423.2300109863281,423.2300109863281,423.2300109863281,0,423.2300109863281,0,423.2300109863281,0,423.2300109863281,0
,w_loss,1,7008.60009765625,7008.60009765625,7008.60009765625,0,7008.60009765625,0,7008.60009765625,0,7008.60009765625,0
