prefix,tag,count,total,avg_val,first_val,first_step,last_val,last_step,min_val,min_step,max_val,max_step
,s_loss,1,421.6099853515625,421.6099853515625,421.6099853515625,0,421.6099853515625,0,421.6099853515625,0,421.6099853515625,0
,w_loss,1,25628.0390625,25628.0390625,25628.0390625,0,25628.0390625,0,25628.0390625,0,25628.0390625,0
