prefix,tag,count,total,avg_val,first_val,first_step,last_val,last_step,min_val,min_step,max_val,max_step
,s_loss,1,426.04998779296875,426.04998779296875,426.04998779296875,0,426.04998779296875,0,426.04998779296875,0,426.04998779296875,0
,w_loss,1,10794.349609375,10794.349609375,10794.349609375,0,10794.349609375,0,10794.349609375,0,10794.349609375,0
