prefix,tag,count,total,avg_val,first_val,first_step,last_val,last_step,min_val,min_step,max_val,max_step
,s_loss,1,416.739990234375,416.739990234375,416.739990234375,0,416.739990234375,0,416.739990234375,0,416.739990234375,0
,w_loss,1,5644.64990234375,5644.64990234375,5644.64990234375,0,5644.64990234375,0,5644.64990234375,0,5644.64990234375,0
