prefix,tag,count,total,avg_val,first_val,first_step,last_val,last_step,min_val,min_step,max_val,max_step
,s_loss,1,442.1400146484375,442.1400146484375,442.1400146484375,0,442.1400146484375,0,442.1400146484375,0,442.1400146484375,0
,w_loss,1,21031.150390625,21031.150390625,21031.150390625,0,21031.150390625,0,21031.150390625,0,21031.150390625,0
